query,name,reason
artengo tennis racket,"Kids' 23"" Tennis Racket Easy - Green",not a matching racket product
artengo tennis racket,"Kids' 25"" Tennis Racket Easy - Yellow",not a matching racket product
artengo tennis racket,Adult Tennis Racket TR500 - Blue,not a matching racket product
artengo tennis racket,Adult Tennis Racket TR190 Lite V2,not a matching racket product
artengo tennis racket,Adult Tennis Racket TR500 Lite - Green,not a matching racket product
artengo tennis racket,"Kids' 19"" Tennis Racket Easy - Red",not a matching racket product
artengo tennis racket,"Kids' 21"" Tennis Racket Orange",not a matching racket product
artengo tennis racket,"Kids' 17"" Tennis Racket Easy - Blue",not a matching racket product
artengo tennis racket,Tennis Racket Cover TC - Black/White,not a matching racket product
artengo tennis racket,Tennis Bag XL Team 12 Rackets - Black/Grey,not a matching racket product
artengo tennis racket,Tennis Bag for 3 Rackets S Team - Black,not a matching racket product
artengo tennis racket,1.25 mm Monofilament Tennis String TA 100 12m - White,download failed/status=410/bytes=259
artengo tennis racket,Monofilament Tennis Strings TA 960 Control 1.25 mm - Black,not a matching racket product
artengo tennis racket,TR160 Graph Adult Tennis Racket - White,not a matching racket product
artengo tennis racket,Tennis Bag 100 M - Black,not a matching racket product
artengo tennis racket,,only selected 3/4
artengo tennis ball overgrip,Lively Tennis Ball Speed Pro 4-Pack,download failed/status=410/bytes=259
